GEO.id,GEO.id2,GEO.display-label,popchg4201072017,natinc4201072017,births4201072017,deaths4201072017,netmig4201072017,intlmig4201072017,dommig4201072017,popchg20162017,natinc20162017,births20162017,deaths20162017,netmig20162017,intlmig20162017,dommig20162017
Id,Id2,Geography,"Cumulative Estimates of the Components of Population Change - April 1, 2010 to July 1, 2017 - Total Population Change [1]","Cumulative Estimates of the Components of Population Change - April 1, 2010 to July 1, 2017 - Natural Increase","Cumulative Estimates of the Components of Population Change - April 1, 2010 to July 1, 2017 - Vital Events - Births","Cumulative Estimates of the Components of Population Change - April 1, 2010 to July 1, 2017 - Vital Events - Deaths","Cumulative Estimates of the Components of Population Change - April 1, 2010 to July 1, 2017 - Net Migration - Total","Cumulative Estimates of the Components of Population Change - April 1, 2010 to July 1, 2017 - Net Migration - International [2]","Cumulative Estimates of the Components of Population Change - April 1, 2010 to July 1, 2017 - Net Migration - Domestic","Annual Estimates of the Components of Population Change - July 1, 2016 to July 1, 2017 - Total Population Change [1]","Annual Estimates of the Components of Population Change - July 1, 2016 to July 1, 2017 - Natural Increase","Annual Estimates of the Components of Population Change - July 1, 2016 to July 1, 2017 - Vital Events - Births","Annual Estimates of the Components of Population Change - July 1, 2016 to July 1, 2017 - Vital Events - Deaths","Annual Estimates of the Components of Population Change - July 1, 2016 to July 1, 2017 - Net Migration - Total","Annual Estimates of the Components of Population Change - July 1, 2016 to July 1, 2017 - Net Migration - International [2]","Annual Estimates of the Components of Population Change - July 1, 2016 to July 1, 2017 - Net Migration - Domestic"
0400000US27,27,Minnesota,272682,203827,501335,297508,71202,103720,-32518,51556,27379,69233,41854,24401,16460,7941
0500000US27001,27001,"Aitkin County, Minnesota",-373,-699,823,1522,333,15,318,53,-105,115,220,159,2,157
0500000US27003,27003,"Anoka County, Minnesota",20515,16510,30294,13784,4221,4014,207,4278,2220,4228,2008,2080,648,1432
0500000US27005,27005,"Becker County, Minnesota",1594,572,3049,2477,1050,272,778,346,51,410,359,298,49,249
0500000US27007,27007,"Beltrami County, Minnesota",2071,2088,5034,2946,7,346,-339,502,269,675,406,234,64,170
0500000US27009,27009,"Benton County, Minnesota",1486,1749,4153,2404,-249,65,-314,469,262,580,318,210,13,197
0500000US27011,27011,"Big Stone County, Minnesota",-243,-133,401,534,-109,20,-129,14,-11,57,68,25,4,21
0500000US27013,27013,"Blue Earth County, Minnesota",2960,1972,5388,3416,1008,890,118,729,269,743,474,462,147,315
0500000US27015,27015,"Brown County, Minnesota",-699,-127,1991,2118,-569,68,-637,-68,20,290,270,-86,13,-99
0500000US27017,27017,"Carlton County, Minnesota",112,-20,2660,2680,158,35,123,-46,-2,361,363,-43,6,-49
0500000US27019,27019,"Carver County, Minnesota",11033,5032,8408,3376,6034,458,5576,1792,694,1198,504,1104,67,1037
0500000US27021,27021,"Cass County, Minnesota",788,197,2447,2250,597,53,544,355,3,322,319,351,8,343
0500000US27023,27023,"Chippewa County, Minnesota",-461,119,1192,1073,-584,164,-748,-56,38,172,134,-94,26,-120
0500000US27025,27025,"Chisago County, Minnesota",1421,1307,4075,2768,117,117,0,708,227,603,376,486,19,467
0500000US27027,27027,"Clay County, Minnesota",4570,2722,6047,3325,1871,577,1294,711,447,896,449,269,97,172
0500000US27029,27029,"Clearwater County, Minnesota",183,85,777,692,101,49,52,17,28,108,80,-11,10,-21
0500000US27031,27031,"Cook County, Minnesota",222,24,342,318,198,88,110,87,15,55,40,72,16,56
0500000US27033,27033,"Cottonwood County, Minnesota",-392,131,1098,967,-526,63,-589,-101,5,139,134,-107,11,-118
0500000US27035,27035,"Crow Wing County, Minnesota",1924,565,5245,4680,1418,253,1165,653,38,709,671,618,42,576
0500000US27037,27037,"Dakota County, Minnesota",23170,20852,37883,17031,2459,4935,-2476,4330,2644,5219,2575,1709,753,956
0500000US27039,27039,"Dodge County, Minnesota",675,858,1835,977,-180,116,-296,215,130,255,125,86,16,70
0500000US27041,27041,"Douglas County, Minnesota",1566,66,2979,2913,1522,81,1441,402,0,429,429,402,11,391
0500000US27043,27043,"Faribault County, Minnesota",-769,-295,1073,1368,-477,3,-480,-71,-13,155,168,-58,0,-58
0500000US27045,27045,"Fillmore County, Minnesota",114,175,1847,1672,-53,134,-187,61,34,260,226,27,25,2
0500000US27047,27047,"Freeborn County, Minnesota",-720,-132,2479,2611,-578,119,-697,132,-31,320,351,165,19,146
0500000US27049,27049,"Goodhue County, Minnesota",122,309,3742,3433,-164,98,-262,64,46,500,454,20,18,2
0500000US27051,27051,"Grant County, Minnesota",-77,-10,506,516,-66,0,-66,10,9,68,59,2,0,2
0500000US27053,27053,"Hennepin County, Minnesota",99643,59952,119191,59239,40345,42718,-2373,14997,8062,16588,8526,6962,6752,210
0500000US27055,27055,"Houston County, Minnesota",-367,126,1370,1244,-493,26,-519,-59,19,188,169,-77,6,-83
0500000US27057,27057,"Hubbard County, Minnesota",590,153,1584,1431,446,66,380,299,19,204,185,279,9,270
0500000US27059,27059,"Isanti County, Minnesota",1772,1110,3286,2176,670,139,531,818,131,446,315,686,23,663
0500000US27061,27061,"Itasca County, Minnesota",79,-350,3393,3743,474,12,462,-12,-12,463,475,3,1,2
0500000US27063,27063,"Jackson County, Minnesota",-320,29,802,773,-349,-3,-346,4,1,107,106,4,0,4
0500000US27065,27065,"Kanabec County, Minnesota",-215,11,1101,1090,-221,36,-257,142,-6,153,159,148,9,139
0500000US27067,27067,"Kandiyohi County, Minnesota",504,1450,4213,2763,-944,1223,-2167,121,241,589,348,-118,225,-343
0500000US27069,27069,"Kittson County, Minnesota",-302,-138,329,467,-161,0,-161,-68,-20,37,57,-47,0,-47
0500000US27071,27071,"Koochiching County, Minnesota",-783,-330,769,1099,-452,64,-516,-90,-48,98,146,-43,12,-55
0500000US27073,27073,"Lac qui Parle County, Minnesota",-574,-169,468,637,-408,25,-433,-58,-33,59,92,-25,5,-30
0500000US27075,27075,"Lake County, Minnesota",-342,-236,776,1012,-99,63,-162,8,-30,101,131,38,13,25
0500000US27077,27077,"Lake of the Woods County, Minnesota",-301,-82,248,330,-220,25,-245,-52,0,37,37,-52,3,-55
0500000US27079,27079,"Le Sueur County, Minnesota",408,717,2273,1556,-305,34,-339,397,92,310,218,305,6,299
0500000US27081,27081,"Lincoln County, Minnesota",-218,-75,499,574,-140,0,-140,-30,-10,67,77,-19,0,-19
0500000US27083,27083,"Lyon County, Minnesota",-26,1052,2655,1603,-1104,570,-1674,-30,146,374,228,-176,99,-275
0500000US27085,27085,"McLeod County, Minnesota",-767,655,3063,2408,-1436,112,-1548,136,77,418,341,61,15,46
0500000US27087,27087,"Mahnomen County, Minnesota",183,331,749,418,-147,0,-147,102,51,98,47,51,0,51
0500000US27089,27089,"Marshall County, Minnesota",-83,232,797,565,-315,9,-324,-15,29,111,82,-44,2,-46
0500000US27091,27091,"Martin County, Minnesota",-990,-210,1610,1820,-776,-10,-766,-40,7,228,221,-45,-2,-43
0500000US27093,27093,"Meeker County, Minnesota",-169,438,1998,1560,-609,173,-782,32,68,270,202,-35,32,-67
0500000US27095,27095,"Mille Lacs County, Minnesota",-225,233,2348,2115,-455,51,-506,258,23,318,295,235,9,226
0500000US27097,27097,"Morrison County, Minnesota",-134,511,2798,2287,-635,50,-685,144,61,397,336,86,4,82
0500000US27099,27099,"Mower County, Minnesota",403,924,3647,2723,-504,622,-1126,237,139,508,369,99,101,-2
0500000US27101,27101,"Murray County, Minnesota",-379,-93,631,724,-286,54,-340,46,3,90,87,44,6,38
0500000US27103,27103,"Nicollet County, Minnesota",1239,1213,2784,1571,34,189,-155,310,124,362,238,188,36,152
0500000US27105,27105,"Nobles County, Minnesota",566,1367,2642,1275,-828,1455,-2283,-72,212,377,165,-286,226,-512
0500000US27107,27107,"Norman County, Minnesota",-255,-170,510,680,-84,41,-125,59,-20,71,91,80,8,72
0500000US27109,27109,"Olmsted County, Minnesota",10670,8576,15676,7100,2156,4290,-2134,1747,1113,2145,1032,642,690,-48
0500000US27111,27111,"Otter Tail County, Minnesota",1042,-194,4707,4901,1293,543,750,364,10,681,671,359,94,265
0500000US27113,27113,"Pennington County, Minnesota",308,363,1321,958,-46,150,-196,-13,41,170,129,-55,26,-81
0500000US27115,27115,"Pine County, Minnesota",-547,65,2051,1986,-608,17,-625,326,-21,252,273,347,2,345
0500000US27117,27117,"Pipestone County, Minnesota",-509,78,865,787,-592,30,-622,-106,6,119,113,-111,6,-117
0500000US27119,27119,"Polk County, Minnesota",19,496,2974,2478,-466,282,-748,-16,101,432,331,-116,49,-165
0500000US27121,27121,"Pope County, Minnesota",-25,-25,895,920,7,4,3,9,1,118,117,8,1,7
0500000US27123,27123,"Ramsey County, Minnesota",39335,26949,55985,29036,12717,24984,-12267,5162,3667,7744,4077,1520,3859,-2339
0500000US27125,27125,"Red Lake County, Minnesota",-59,118,373,255,-178,4,-182,34,22,43,21,11,0,11
0500000US27127,27127,"Redwood County, Minnesota",-787,28,1373,1345,-814,38,-852,36,18,194,176,20,6,14
0500000US27129,27129,"Renville County, Minnesota",-1085,-97,1285,1382,-1001,72,-1073,65,-4,176,180,71,11,60
0500000US27131,27131,"Rice County, Minnesota",1826,1901,5272,3371,-63,967,-1030,380,282,761,479,100,163,-63
0500000US27133,27133,"Rock County, Minnesota",-197,-59,801,860,-137,-6,-131,77,5,110,105,72,-1,73
0500000US27135,27135,"Roseau County, Minnesota",-302,398,1386,988,-715,82,-797,-232,51,181,130,-286,9,-295
0500000US27137,27137,"St. Louis County, Minnesota",-226,-316,14688,15004,267,1279,-1012,-18,-92,1956,2048,84,204,-120
0500000US27139,27139,"Scott County, Minnesota",15917,9337,13732,4395,6636,1933,4703,2389,1177,1843,666,1218,293,925
0500000US27141,27141,"Sherburne County, Minnesota",6078,5099,8608,3509,1002,400,602,1334,711,1235,524,625,59,566
0500000US27143,27143,"Sibley County, Minnesota",-357,152,1214,1062,-511,101,-612,77,6,147,141,71,19,52
0500000US27145,27145,"Stearns County, Minnesota",7180,7134,14160,7026,82,3299,-3217,1251,1004,1972,968,250,591,-341
0500000US27147,27147,"Steele County, Minnesota",311,1233,3387,2154,-930,118,-1048,184,138,442,304,49,14,35
0500000US27149,27149,"Stevens County, Minnesota",-92,218,819,601,-307,159,-466,-113,31,102,71,-145,31,-176
0500000US27151,27151,"Swift County, Minnesota",-376,12,789,777,-390,61,-451,-37,16,112,96,-53,11,-64
0500000US27153,27153,"Todd County, Minnesota",-380,785,2307,1522,-1176,30,-1206,111,117,318,201,-5,3,-8
0500000US27155,27155,"Traverse County, Minnesota",-239,-141,230,371,-99,1,-100,-3,5,32,27,-8,0,-8
0500000US27157,27157,"Wabasha County, Minnesota",-56,392,1705,1313,-444,37,-481,161,71,237,166,91,4,87
0500000US27159,27159,"Wadena County, Minnesota",-174,-113,1286,1399,-54,17,-71,103,-1,178,179,108,3,105
0500000US27161,27161,"Waseca County, Minnesota",-349,392,1567,1175,-743,43,-786,-41,65,214,149,-107,9,-116
0500000US27163,27163,"Washington County, Minnesota",18220,10029,20597,10568,8358,2794,5564,3372,1206,2819,1613,2188,427,1761
0500000US27165,27165,"Watonwan County, Minnesota",-371,234,1090,856,-607,166,-773,-71,50,152,102,-120,29,-149
0500000US27167,27167,"Wilkin County, Minnesota",-252,-50,508,558,-205,-4,-201,-21,-9,74,83,-12,0,-12
0500000US27169,27169,"Winona County, Minnesota",-588,486,3440,2954,-1081,526,-1607,1,46,479,433,-44,78,-122
0500000US27171,27171,"Wright County, Minnesota",9589,7795,13100,5305,1875,513,1362,1899,920,1735,815,985,82,903
0500000US27173,27173,"Yellow Medicine County, Minnesota",-571,-16,842,858,-561,13,-574,-25,13,124,111,-38,4,-42
